learner,q1,q2,q3,q4,q5,q6,q7,q8,q9,q10
L01,0,1,1,1,1,1,1,0,0,0
L02,1,1,1,0,1,0,0,1,1,1
L03,1,1,1,0,1,0,1,1,1,1
L04,1,1,1,1,0,0,0,0,0,0
L05,1,1,0,1,0,0,0,1,0,0
L06,1,1,0,1,0,0,1,0,0,0
L07,1,1,1,1,1,0,0,0,0,0
L08,1,1,1,0,0,1,0,0,0,0
L09,1,1,1,0,0,1,1,0,0,0
L10,1,1,0,0,1,1,0,0,1,0
L11,1,1,1,0,0,1,1,0,1,0
L12,1,1,0,1,0,0,1,0,0,0
L13,1,1,1,0,1,1,1,1,1,1
L14,1,1,1,1,1,1,1,0,0,0
L15,0,1,0,0,1,0,1,0,0,1
L16,1,1,1,1,1,0,0,1,0,0
L17,1,1,1,0,1,1,0,1,1,1
L18,0,1,0,1,0,0,1,0,0,0
L19,1,1,1,1,1,1,1,1,0,0
L20,1,1,1,0,1,1,1,1,0,1
L21,1,1,1,0,1,0,0,1,0,0
L22,0,1,1,1,1,0,0,0,0,1
L23,1,1,1,0,1,1,0,1,1,1
L24,1,1,1,1,0,0,0,0,0,0
