week,team,cohort,seats,active,engaged
W01,billing,rollout,48,11,6
W01,payments,rollout,64,14,7
W01,platform,rollout,34,7,4
W02,billing,rollout,48,20,11
W02,payments,rollout,64,24,10
W02,platform,rollout,34,13,6
W03,billing,rollout,48,23,12
W03,payments,rollout,64,31,16
W03,identity,rollout,36,7,4
W03,data,rollout,40,8,4
W03,platform,rollout,34,16,9
W03,web,rollout,50,8,4
W04,billing,rollout,48,26,13
W04,payments,rollout,64,34,17
W04,identity,rollout,36,12,7
W04,data,rollout,40,14,7
W04,platform,rollout,34,18,10
W04,web,rollout,50,18,9
W05,billing,rollout,48,30,15
W05,payments,rollout,64,40,21
W05,identity,rollout,36,16,8
W05,lending,rollout,72,14,7
W05,mobile,rollout,56,10,5
W05,data,rollout,40,18,10
W05,platform,rollout,34,21,11
W05,web,rollout,50,22,14
W06,billing,rollout,48,32,17
W06,payments,rollout,64,40,22
W06,identity,rollout,36,19,11
W06,lending,rollout,72,25,13
W06,mobile,rollout,56,20,11
W06,data,rollout,40,20,10
W06,platform,rollout,34,21,11
W06,web,rollout,50,25,14
W07,billing,rollout,48,30,15
W07,payments,rollout,64,42,22
W07,identity,rollout,36,19,10
W07,lending,rollout,72,33,17
W07,mobile,rollout,56,25,14
W07,data,rollout,40,22,12
W07,platform,rollout,34,23,13
W07,web,rollout,50,26,13
W08,billing,rollout,48,32,18
W08,payments,rollout,64,44,23
W08,identity,rollout,36,20,10
W08,lending,rollout,72,34,19
W08,mobile,rollout,56,28,15
W08,data,rollout,40,22,11
W08,platform,rollout,34,23,12
W08,web,rollout,50,28,15
W09,billing,rollout,48,33,18
W09,payments,rollout,64,43,20
W09,identity,rollout,36,22,11
W09,lending,rollout,72,39,20
W09,mobile,rollout,56,29,15
W09,data,rollout,40,22,11
W09,platform,rollout,34,23,12
W09,web,rollout,50,31,16
W10,billing,rollout,48,34,17
W10,payments,rollout,64,45,24
W10,identity,rollout,36,22,11
W10,lending,rollout,72,39,21
W10,mobile,rollout,56,32,16
W10,data,rollout,40,24,14
W10,platform,rollout,34,23,12
W10,web,rollout,50,30,16
W11,billing,rollout,48,34,18
W11,payments,rollout,64,44,22
W11,identity,rollout,36,23,11
W11,lending,rollout,72,42,22
W11,mobile,rollout,56,31,16
W11,data,rollout,40,25,13
W11,platform,rollout,34,23,11
W11,web,rollout,50,30,16
W12,billing,rollout,48,34,16
W12,payments,rollout,64,45,24
W12,identity,rollout,36,22,12
W12,lending,rollout,72,44,23
W12,mobile,rollout,56,35,18
W12,data,rollout,40,24,12
W12,platform,rollout,34,24,13
W12,web,rollout,50,30,16
W13,billing,rollout,48,31,16
W13,payments,rollout,64,40,18
W13,identity,rollout,36,19,9
W13,lending,rollout,72,39,19
W13,mobile,rollout,56,32,17
W13,data,rollout,40,21,11
W13,platform,rollout,34,21,10
W13,web,rollout,50,27,14
W13,new-hires,newhire,2,0,0
W14,billing,rollout,48,28,14
W14,payments,rollout,64,36,17
W14,identity,rollout,36,18,9
W14,lending,rollout,72,36,19
W14,mobile,rollout,56,26,13
W14,data,rollout,40,19,8
W14,platform,rollout,34,20,10
W14,web,rollout,50,25,11
W14,new-hires,newhire,4,0,0
W15,billing,rollout,48,24,11
W15,payments,rollout,64,32,15
W15,identity,rollout,36,15,7
W15,lending,rollout,72,32,14
W15,mobile,rollout,56,27,13
W15,data,rollout,40,19,9
W15,platform,rollout,34,17,8
W15,web,rollout,50,23,13
W15,new-hires,newhire,6,0,0
W16,billing,rollout,48,23,11
W16,payments,rollout,64,31,16
W16,identity,rollout,36,14,6
W16,lending,rollout,72,2,1
W16,mobile,rollout,56,2,1
W16,data,rollout,40,16,8
W16,platform,rollout,34,16,8
W16,web,rollout,50,19,9
W16,new-hires,newhire,8,0,0
W17,billing,rollout,48,18,8
W17,payments,rollout,64,24,12
W17,identity,rollout,36,12,6
W17,lending,rollout,72,2,1
W17,mobile,rollout,56,2,1
W17,data,rollout,40,14,6
W17,platform,rollout,34,15,6
W17,web,rollout,50,17,7
W17,new-hires,newhire,10,0,0
W18,billing,rollout,48,17,8
W18,payments,rollout,64,23,10
W18,identity,rollout,36,11,5
W18,lending,rollout,72,4,1
W18,mobile,rollout,56,4,1
W18,data,rollout,40,12,6
W18,platform,rollout,34,12,5
W18,web,rollout,50,16,7
W18,new-hires,newhire,12,1,0
W19,billing,rollout,48,14,6
W19,payments,rollout,64,20,8
W19,identity,rollout,36,9,4
W19,lending,rollout,72,1,0
W19,mobile,rollout,56,3,1
W19,data,rollout,40,12,5
W19,platform,rollout,34,10,4
W19,web,rollout,50,14,7
W19,new-hires,newhire,14,1,0
W20,billing,rollout,48,13,5
W20,payments,rollout,64,20,8
W20,identity,rollout,36,9,3
W20,lending,rollout,72,4,1
W20,mobile,rollout,56,1,0
W20,data,rollout,40,10,4
W20,platform,rollout,34,10,4
W20,web,rollout,50,12,5
W20,new-hires,newhire,16,0,0
W21,billing,rollout,48,11,4
W21,payments,rollout,64,17,7
W21,identity,rollout,36,8,3
W21,lending,rollout,72,1,0
W21,mobile,rollout,56,1,0
W21,data,rollout,40,9,4
W21,platform,rollout,34,8,3
W21,web,rollout,50,10,4
W21,new-hires,newhire,18,1,0
W22,billing,rollout,48,11,5
W22,payments,rollout,64,15,6
W22,identity,rollout,36,7,3
W22,lending,rollout,72,3,1
W22,mobile,rollout,56,1,0
W22,data,rollout,40,7,3
W22,platform,rollout,34,7,3
W22,web,rollout,50,10,4
W22,new-hires,newhire,20,1,0
W23,billing,rollout,48,11,4
W23,payments,rollout,64,11,4
W23,identity,rollout,36,5,2
W23,lending,rollout,72,5,1
W23,mobile,rollout,56,1,0
W23,data,rollout,40,7,3
W23,platform,rollout,34,7,3
W23,web,rollout,50,7,3
W23,new-hires,newhire,22,1,0
W24,billing,rollout,48,9,4
W24,payments,rollout,64,13,5
W24,identity,rollout,36,6,3
W24,lending,rollout,72,1,0
W24,mobile,rollout,56,2,1
W24,data,rollout,40,8,3
W24,platform,rollout,34,7,3
W24,web,rollout,50,7,2
W24,new-hires,newhire,24,1,0
W25,billing,rollout,48,11,4
W25,payments,rollout,64,13,5
W25,identity,rollout,36,5,2
W25,lending,rollout,72,3,1
W25,mobile,rollout,56,1,0
W25,data,rollout,40,5,2
W25,platform,rollout,34,5,2
W25,web,rollout,50,7,2
W25,new-hires,newhire,26,1,0
W26,billing,rollout,48,6,2
W26,payments,rollout,64,9,3
W26,identity,rollout,36,4,2
W26,lending,rollout,72,2,1
W26,mobile,rollout,56,2,1
W26,data,rollout,40,5,2
W26,platform,rollout,34,5,2
W26,web,rollout,50,6,2
W26,new-hires,newhire,28,1,0
