ticket,developer,week,size,story_points,assigned,used_ai,agent_version,hours_to_pr,review_hours,cycle_hours,rework_commits,escaped_defects,lines_changed,notes
BILL-401,D4,29,M,5,baseline,no,agent 2.1,8.9,6.4,15.3,2,0,371,
BILL-402,D5,29,M,5,baseline,no,agent 2.1,17.4,5.9,23.3,1,1,640,
BILL-403,D6,29,S,2,baseline,no,agent 2.1,5.0,4.1,9.1,1,0,167,
BILL-404,D1,29,S,2,baseline,no,agent 2.1,6.5,3.5,10.1,1,1,270,
BILL-405,D6,29,S,2,baseline,no,agent 2.1,6.6,2.6,9.2,1,0,183,
BILL-406,D1,30,M,5,baseline,no,agent 2.1,10.9,7.7,18.6,0,0,552,
BILL-407,D6,30,L,8,baseline,no,agent 2.1,27.1,15.7,42.8,0,0,1015,
BILL-408,D2,30,L,8,baseline,no,agent 2.1,15.7,6.4,118.1,2,0,493,blocked 4 days on month-end freeze
BILL-409,D1,30,M,5,baseline,no,agent 2.1,5.3,2.6,7.9,0,0,210,
BILL-410,D5,31,S,2,baseline,no,agent 2.1,14.9,5.3,20.3,2,0,512,
BILL-411,D3,31,M,5,baseline,no,agent 2.1,12.1,4.8,16.8,1,0,423,
BILL-412,D1,31,S,2,baseline,no,agent 2.1,5.6,2.1,7.6,0,0,171,
BILL-413,D4,31,M,5,baseline,no,agent 2.1,7.8,6.1,13.9,0,0,348,
BILL-414,D4,31,L,8,baseline,no,agent 2.1,13.2,7.1,20.3,0,0,425,
BILL-415,D1,31,M,5,baseline,no,agent 2.1,8.4,5.6,13.9,1,1,294,
BILL-416,D4,32,S,2,baseline,no,agent 2.1,7.3,3.1,10.4,0,0,267,
BILL-417,D2,32,S,2,baseline,no,agent 2.1,9.5,3.3,12.9,2,0,305,
BILL-418,D3,32,L,8,baseline,no,agent 2.1,39.4,29.7,69.2,0,0,1744,
BILL-419,D5,32,M,5,baseline,no,agent 2.1,7.2,3.3,10.5,2,0,285,
BILL-420,D6,32,S,2,baseline,no,agent 2.1,3.8,2.4,6.3,0,0,137,
BILL-421,D2,33,L,8,baseline,no,agent 2.1,21.8,10.8,32.6,0,0,742,
BILL-422,D2,33,S,2,baseline,no,agent 2.1,4.8,2.9,7.8,0,0,200,
BILL-423,D2,33,S,2,baseline,no,agent 2.1,4.2,2.3,6.5,2,0,131,
BILL-424,D5,33,M,5,baseline,no,agent 2.1,11.2,7.2,18.4,0,0,443,
BILL-425,D1,33,M,5,baseline,no,agent 2.1,30.5,14.9,45.4,1,0,912,
BILL-426,D3,34,S,2,baseline,no,agent 2.1,7.5,4.8,12.2,0,0,242,
BILL-427,D4,34,M,5,baseline,no,agent 2.1,23.7,16.5,40.3,2,0,1015,
BILL-428,D5,34,M,5,baseline,no,agent 2.1,11.6,7.6,19.2,1,0,489,
BILL-429,D2,34,M,5,baseline,no,agent 2.1,16.6,7.7,24.3,1,1,629,
BILL-430,D6,34,M,5,baseline,no,agent 2.1,18.8,13.8,32.6,0,0,902,
BILL-431,D4,35,M,5,baseline,no,agent 2.1,20.9,13.5,34.4,2,0,980,
BILL-432,D6,35,S,2,baseline,no,agent 2.1,5.6,1.9,7.5,1,1,159,
BILL-433,D4,35,M,5,baseline,no,agent 2.1,8.5,5.9,14.4,1,0,297,
BILL-434,D1,35,L,8,baseline,no,agent 2.1,32.6,20.1,52.7,1,0,1183,
BILL-435,D5,35,M,5,baseline,no,agent 2.1,13.6,8.2,21.8,2,0,572,
BILL-436,D4,35,S,2,baseline,no,agent 2.1,7.7,5.9,13.5,1,0,376,
BILL-437,D1,36,S,2,baseline,no,agent 2.1,6.9,4.5,11.3,2,0,274,
BILL-438,D6,36,M,5,baseline,no,agent 2.1,28.3,13.6,42.0,1,0,1254,
BILL-439,D5,36,S,2,baseline,no,agent 2.1,3.6,1.7,5.3,0,0,156,
BILL-440,D2,36,S,2,baseline,no,agent 2.1,7.9,3.4,11.4,2,0,286,
BILL-441,D4,37,M,5,baseline,no,agent 2.1,16.5,8.1,24.6,2,0,641,
BILL-442,D1,37,M,5,baseline,no,agent 2.1,17.2,10.3,27.5,0,0,565,
BILL-443,D1,37,M,5,baseline,no,agent 2.1,8.0,3.8,11.8,2,0,268,
BILL-444,D1,37,M,5,baseline,no,agent 2.1,7.5,3.9,11.4,2,0,338,
BILL-445,D5,37,S,2,baseline,no,agent 2.1,6.3,2.5,8.8,1,0,163,
BILL-446,D2,38,M,5,baseline,no,agent 2.1,11.7,8.7,20.4,0,0,569,
BILL-447,D1,38,M,5,baseline,no,agent 2.1,6.4,3.9,10.3,0,0,289,
BILL-448,D2,38,L,8,baseline,no,agent 2.1,29.7,18.4,48.1,0,0,1169,
BILL-449,D2,38,M,5,baseline,no,agent 2.1,6.9,4.3,11.3,1,0,242,
BILL-450,D1,38,M,5,baseline,no,agent 2.1,15.4,5.2,20.6,0,0,395,
BILL-451,D3,39,M,5,baseline,no,agent 2.1,11.1,6.4,17.5,1,0,336,
BILL-452,D4,39,L,8,baseline,no,agent 2.1,32.3,18.0,50.3,0,0,1345,
BILL-453,D1,39,M,5,baseline,no,agent 2.1,26.5,11.0,37.5,1,0,958,
BILL-454,D3,39,M,5,baseline,no,agent 2.1,20.9,7.1,28.0,1,0,794,
BILL-455,D6,39,M,5,baseline,no,agent 2.1,20.1,7.1,27.1,2,0,784,
BILL-456,D6,40,M,5,baseline,no,agent 2.1,11.6,9.1,20.7,1,1,460,
BILL-457,D2,40,M,5,baseline,no,agent 2.1,7.5,4.6,12.1,0,0,296,
BILL-458,D5,40,L,8,baseline,no,agent 2.1,20.0,8.2,28.2,2,0,660,
BILL-459,D5,40,M,5,baseline,no,agent 2.1,31.3,13.3,44.6,0,0,1161,
BILL-460,D1,40,L,8,baseline,no,agent 2.1,21.2,12.1,33.3,1,0,900,
