week,event
W01,Kickoff; stakeholder interviews; access granted on Contoso laptop
W03,Billing pilot starts: AI layer v0.1 merged by Avi; tickets randomized manual / ai
W06,Enable: collections live; developer workshop; Dana runs office hours
W07,Enable: platform live; champion Omer (co-champion Lior)
W12,Handover: Avi owns the AI layer; Dana office hours; Tamar the metrics review
W16,30-day follow-up: gate; office hours and review all ran without the consultant
W18,Platform champion Omer moves to the data team; co-champion Lior not yet announced
W20,60-day follow-up: platform below its usual level; Lior announced as champion
W24,90-day follow-up: all three teams back in range; engagement closed
