date,key,team,model,input,cache_write,cache_read,output
2026-09-01,gw-billing,billing,large,7058473,9411297,282338928,3529236
2026-09-01,gw-billing,billing,small,1817813,2423751,72712548,908906
2026-09-01,gw-payments,payments,large,7930713,10574284,317228547,3965356
2026-09-01,gw-payments,payments,small,2168571,2891428,86742867,1084285
2026-09-01,gw-identity,identity,large,4851646,6468861,194065857,2425823
2026-09-01,gw-identity,identity,small,1202446,1603261,48097845,601223
2026-09-01,gw-lending,lending,large,11680148,15573531,467205946,5840074
2026-09-01,gw-lending,lending,small,2987786,3983715,119511478,1493893
2026-09-01,gw-mobile,mobile,large,7709404,10279205,308376165,3854702
2026-09-01,gw-mobile,mobile,small,1737271,2316361,69490847,868635
2026-09-01,gw-data,data,large,6901660,9202214,276066420,3450830
2026-09-01,gw-data,data,small,1795417,2393889,71816686,897708
2026-09-01,gw-platform,platform,large,5067745,6756993,202709810,2533872
2026-09-01,gw-platform,platform,small,1115321,1487095,44612858,557660
2026-09-01,gw-web,web,large,6929278,9239038,277171149,3464639
2026-09-01,gw-web,web,small,1750203,2333604,70008145,875101
2026-09-01,ci-billing,billing,large,2310536,3080715,92421452,1155268
2026-09-01,ci-payments,payments,large,3080715,4107620,123228603,1540357
2026-09-01,ci-identity,identity,large,1732902,2310536,69316089,866451
2026-09-01,ci-lending,lending,large,3465804,4621072,138632178,1732902
2026-09-01,ci-mobile,mobile,large,2695625,3594167,107825027,1347812
2026-09-01,ci-data,data,large,1925446,2567262,77017877,962723
2026-09-01,ci-platform,platform,large,1636629,2182173,65465195,818314
2026-09-01,ci-web,web,large,2406808,3209078,96272346,1203404
2026-09-02,gw-billing,billing,large,7721208,10294944,308848343,3860604
2026-09-02,gw-billing,billing,small,1935596,2580795,77423879,967798
2026-09-02,gw-payments,payments,large,10015761,13354348,400630461,5007880
2026-09-02,gw-payments,payments,small,2368206,3157608,94728245,1184103
2026-09-02,gw-identity,identity,large,4615394,6153859,184615782,2307697
2026-09-02,gw-identity,identity,small,1270601,1694135,50824063,635300
2026-09-02,gw-lending,lending,large,12267103,16356137,490684131,6133551
2026-09-02,gw-lending,lending,small,2957847,3943797,118313913,1478923
2026-09-02,gw-mobile,mobile,large,8919983,11893311,356799342,4459991
2026-09-02,gw-mobile,mobile,small,2216341,2955121,88653659,1108170
2026-09-02,gw-data,data,large,4764447,6352597,190577919,2382223
2026-09-02,gw-data,data,small,1245050,1660067,49802035,622525
2026-09-02,gw-platform,platform,large,4964032,6618709,198561282,2482016
2026-09-02,gw-platform,platform,small,1356764,1809018,54270569,678382
2026-09-02,gw-web,web,large,7826857,10435810,313074313,3913428
2026-09-02,gw-web,web,small,1711927,2282569,68477082,855963
2026-09-02,ci-billing,billing,large,2057878,2743838,82315153,1028939
2026-09-02,ci-payments,payments,large,2743838,3658451,109753538,1371919
2026-09-02,ci-identity,identity,large,1543409,2057878,61736365,771704
2026-09-02,ci-lending,lending,large,3086818,4115757,123472730,1543409
2026-09-02,ci-mobile,mobile,large,2400858,3201144,96034346,1200429
2026-09-02,ci-data,data,large,1714899,2286532,68595961,857449
2026-09-02,ci-platform,platform,large,1457664,1943552,58306567,728832
2026-09-02,ci-web,web,large,2143623,2858165,85744951,1071811
2026-09-03,gw-billing,billing,large,6140469,8187292,245618773,3070234
2026-09-03,gw-billing,billing,small,1457816,1943754,58312644,728908
2026-09-03,gw-payments,payments,large,10838346,14451129,433533874,5419173
2026-09-03,gw-payments,payments,small,2494698,3326264,99787922,1247349
2026-09-03,gw-identity,identity,large,4398420,5864560,175936815,2199210
2026-09-03,gw-identity,identity,small,1301691,1735588,52067651,650845
2026-09-03,gw-lending,lending,large,11684039,15578718,467361564,5842019
2026-09-03,gw-lending,lending,small,3002168,4002891,120086733,1501084
2026-09-03,gw-mobile,mobile,large,6439621,8586161,257584848,3219810
2026-09-03,gw-mobile,mobile,small,1696062,2261416,67842489,848031
2026-09-03,gw-data,data,large,5795940,7727920,231837625,2897970
2026-09-03,gw-data,data,small,1495693,1994258,59827741,747846
2026-09-03,gw-platform,platform,large,5985624,7980832,239424967,2992812
2026-09-03,gw-platform,platform,small,1364283,1819045,54571359,682141
2026-09-03,gw-web,web,large,7164436,9552581,286577450,3582218
2026-09-03,gw-web,web,small,1783031,2377374,71321247,891515
2026-09-03,ci-billing,billing,large,2553035,3404047,102121428,1276517
2026-09-03,ci-payments,payments,large,3404047,4538730,136161905,1702023
2026-09-03,ci-identity,identity,large,1914776,2553035,76591071,957388
2026-09-03,ci-lending,lending,large,3829553,5106071,153182143,1914776
2026-09-03,ci-mobile,mobile,large,2978541,3971388,119141667,1489270
2026-09-03,ci-data,data,large,2127529,2836706,85101190,1063764
2026-09-03,ci-platform,platform,large,1808400,2411200,72336012,904200
2026-09-03,ci-web,web,large,2659412,3545882,106376488,1329706
2026-09-04,gw-billing,billing,large,6219260,8292347,248770431,3109630
2026-09-04,gw-billing,billing,small,1426508,1902011,57060354,713254
2026-09-04,gw-payments,payments,large,9116875,12155834,364675029,4558437
2026-09-04,gw-payments,payments,small,2216789,2955719,88671590,1108394
2026-09-04,gw-identity,identity,large,4599389,6132519,183975582,2299694
2026-09-04,gw-identity,identity,small,1190612,1587483,47624490,595306
2026-09-04,gw-lending,lending,large,11287530,15050040,451501224,5643765
2026-09-04,gw-lending,lending,small,2703166,3604222,108126677,1351583
2026-09-04,gw-mobile,mobile,large,8249391,10999189,329975672,4124695
2026-09-04,gw-mobile,mobile,small,2149702,2866270,85988102,1074851
2026-09-04,gw-data,data,large,5306699,7075599,212267972,2653349
2026-09-04,gw-data,data,small,1216109,1621479,48644381,608054
2026-09-04,gw-platform,platform,large,4826296,6435062,193051869,2413148
2026-09-04,gw-platform,platform,small,1246871,1662495,49874859,623435
2026-09-04,gw-web,web,large,6077958,8103944,243118337,3038979
2026-09-04,gw-web,web,small,1592273,2123031,63690943,796136
2026-09-04,ci-billing,billing,large,2192923,2923897,87716933,1096461
2026-09-04,ci-payments,payments,large,2923897,3898530,116955911,1461948
2026-09-04,ci-identity,identity,large,1644692,2192923,65787700,822346
2026-09-04,ci-lending,lending,large,3289385,4385846,131575400,1644692
2026-09-04,ci-mobile,mobile,large,2558410,3411214,102336422,1279205
2026-09-04,ci-data,data,large,1827436,2436581,73097444,913718
2026-09-04,ci-platform,platform,large,1553320,2071094,62132827,776660
2026-09-04,ci-web,web,large,2284295,3045726,91371805,1142147
2026-09-05,gw-billing,billing,large,456171,608228,18246850,228085
2026-09-05,gw-billing,billing,small,122035,162714,4881431,61017
2026-09-05,gw-payments,payments,large,575238,766984,23009543,287619
2026-09-05,gw-payments,payments,small,149846,199795,5993879,74923
2026-09-05,gw-identity,identity,large,290687,387583,11627491,145343
2026-09-05,gw-identity,identity,small,79380,105841,3175232,39690
2026-09-05,gw-lending,lending,large,588708,784944,23548321,294354
2026-09-05,gw-lending,lending,small,168342,224456,6733702,84171
2026-09-05,gw-mobile,mobile,large,557500,743334,22300020,278750
2026-09-05,gw-mobile,mobile,small,158740,211653,6349601,79370
2026-09-05,gw-data,data,large,400206,533608,16008255,200103
2026-09-05,gw-data,data,small,93130,124173,3725203,46565
2026-09-05,gw-platform,platform,large,355990,474653,14239601,177995
2026-09-05,gw-platform,platform,small,84352,112469,3374097,42176
2026-09-05,gw-web,web,large,419711,559615,16788478,209855
2026-09-05,gw-web,web,small,116372,155163,4654914,58186
2026-09-05,ci-billing,billing,large,1239889,1653186,49595585,619944
2026-09-05,ci-payments,payments,large,1653186,2204248,66127447,826593
2026-09-05,ci-identity,identity,large,929917,1239889,37196689,464958
2026-09-05,ci-lending,lending,large,1859834,2479779,74393378,929917
2026-09-05,ci-mobile,mobile,large,1446537,1928717,57861516,723268
2026-09-05,ci-data,data,large,1033241,1377655,41329654,516620
2026-09-05,ci-platform,platform,large,878255,1171006,35130206,439127
2026-09-05,ci-web,web,large,1291551,1722068,51662068,645775
2026-09-06,gw-billing,billing,large,489707,652943,19588295,244853
2026-09-06,gw-billing,billing,small,130911,174549,5236475,65455
2026-09-06,gw-payments,payments,large,612473,816631,24498947,306236
2026-09-06,gw-payments,payments,small,166490,221987,6659637,83245
2026-09-06,gw-identity,identity,large,324970,433293,12998816,162485
2026-09-06,gw-identity,identity,small,96147,128197,3845919,48073
2026-09-06,gw-lending,lending,large,685576,914102,27423077,342788
2026-09-06,gw-lending,lending,small,177945,237260,7117824,88972
2026-09-06,gw-mobile,mobile,large,455209,606946,18208395,227604
2026-09-06,gw-mobile,mobile,small,129534,172712,5181387,64767
2026-09-06,gw-data,data,large,386872,515830,15474913,193436
2026-09-06,gw-data,data,small,91458,121945,3658354,45729
2026-09-06,gw-platform,platform,large,391897,522529,15675881,195948
2026-09-06,gw-platform,platform,small,97787,130383,3911498,48893
2026-09-06,gw-web,web,large,564538,752717,22581524,282269
2026-09-06,gw-web,web,small,131874,175832,5274975,65937
2026-09-06,ci-billing,billing,large,1522017,2029356,60880683,761008
2026-09-06,ci-payments,payments,large,2029356,2705808,81174244,1014678
2026-09-06,ci-identity,identity,large,1141512,1522017,45660512,570756
2026-09-06,ci-lending,lending,large,2283025,3044034,91321024,1141512
2026-09-06,ci-mobile,mobile,large,1775686,2367582,71027463,887843
2026-09-06,ci-data,data,large,1268347,1691130,50733902,634173
2026-09-06,ci-platform,platform,large,1078095,1437460,43123817,539047
2026-09-06,ci-web,web,large,1585434,2113912,63417378,792717
2026-09-07,gw-billing,billing,large,7558019,10077359,302320780,3779009
2026-09-07,gw-billing,billing,small,1734060,2312080,69362429,867030
2026-09-07,gw-payments,payments,large,8069522,10759363,322780899,4034761
2026-09-07,gw-payments,payments,small,2327081,3102774,93083242,1163540
2026-09-07,gw-identity,identity,large,4437586,5916782,177503471,2218793
2026-09-07,gw-identity,identity,small,1074279,1432372,42971178,537139
2026-09-07,gw-lending,lending,large,10214823,13619764,408592948,5107411
2026-09-07,gw-lending,lending,small,2645166,3526888,105806658,1322583
2026-09-07,gw-mobile,mobile,large,9719989,12959985,388799561,4859994
2026-09-07,gw-mobile,mobile,small,2429778,3239705,97191159,1214889
2026-09-07,gw-data,data,large,6344664,8459553,253786592,3172332
2026-09-07,gw-data,data,small,1473137,1964183,58925503,736568
2026-09-07,gw-platform,platform,large,6025414,8033885,241016565,3012707
2026-09-07,gw-platform,platform,small,1358722,1811629,54348884,679361
2026-09-07,gw-web,web,large,7919904,10559873,316796193,3959952
2026-09-07,gw-web,web,small,1946750,2595667,77870025,973375
2026-09-07,ci-billing,billing,large,2160150,2880200,86406000,1080075
2026-09-07,ci-payments,payments,large,2880200,3840266,115208000,1440100
2026-09-07,ci-identity,identity,large,1620112,2160150,64804500,810056
2026-09-07,ci-lending,lending,large,3240225,4320300,129609000,1620112
2026-09-07,ci-mobile,mobile,large,2520175,3360233,100807000,1260087
2026-09-07,ci-data,data,large,1800125,2400166,72005000,900062
2026-09-07,ci-platform,platform,large,1530106,2040141,61204250,765053
2026-09-07,ci-web,web,large,2250156,3000208,90006250,1125078
2026-09-08,gw-billing,billing,large,6301765,8402354,252070620,3150882
2026-09-08,gw-billing,billing,small,1743228,2324305,69729156,871614
2026-09-08,gw-payments,payments,large,11039240,14718986,441569603,5519620
2026-09-08,gw-payments,payments,small,2386506,3182008,95460259,1193253
2026-09-08,gw-identity,identity,large,6035259,8047012,241410388,3017629
2026-09-08,gw-identity,identity,small,1462226,1949635,58489050,731113
2026-09-08,gw-lending,lending,large,10002968,13337291,400118746,5001484
2026-09-08,gw-lending,lending,small,2418433,3224577,96737326,1209216
2026-09-08,gw-mobile,mobile,large,9399771,12533028,375990845,4699885
2026-09-08,gw-mobile,mobile,small,2319902,3093202,92796089,1159951
2026-09-08,gw-data,data,large,7070942,9427923,282837707,3535471
2026-09-08,gw-data,data,small,1524673,2032897,60986927,762336
2026-09-08,gw-platform,platform,large,4921459,6561946,196858397,2460729
2026-09-08,gw-platform,platform,small,1172072,1562763,46882909,586036
2026-09-08,gw-web,web,large,7756446,10341928,310257840,3878223
2026-09-08,gw-web,web,small,2298688,3064918,91947546,1149344
2026-09-08,ci-billing,billing,large,2511018,3348024,100440722,1255509
2026-09-08,ci-payments,payments,large,3348024,4464032,133920963,1674012
2026-09-08,ci-identity,identity,large,1883263,2511018,75330541,941631
2026-09-08,ci-lending,lending,large,3766527,5022036,150661083,1883263
2026-09-08,ci-mobile,mobile,large,2929521,3906028,117180842,1464760
2026-09-08,ci-data,data,large,2092515,2790020,83700601,1046257
2026-09-08,ci-platform,platform,large,1778637,2371517,71145511,889318
2026-09-08,ci-web,web,large,2615643,3487525,104625752,1307821
2026-09-09,gw-billing,billing,large,6745845,8994460,269833823,3372922
2026-09-09,gw-billing,billing,small,1628865,2171821,65154630,814432
2026-09-09,gw-payments,payments,large,10974220,14632294,438968830,5487110
2026-09-09,gw-payments,payments,small,2824517,3766023,112980695,1412258
2026-09-09,gw-identity,identity,large,4271896,5695862,170875862,2135948
2026-09-09,gw-identity,identity,small,1274024,1698699,50960981,637012
2026-09-09,gw-lending,lending,large,11905148,15873531,476205935,5952574
2026-09-09,gw-lending,lending,small,3296049,4394732,131841989,1648024
2026-09-09,gw-mobile,mobile,large,9113812,12151749,364552484,4556906
2026-09-09,gw-mobile,mobile,small,2208666,2944888,88346651,1104333
2026-09-09,gw-data,data,large,7045114,9393485,281804563,3522557
2026-09-09,gw-data,data,small,1541641,2055522,61665677,770820
2026-09-09,gw-platform,platform,large,5240958,6987944,209638334,2620479
2026-09-09,gw-platform,platform,small,1394923,1859897,55796923,697461
2026-09-09,gw-web,web,large,7723410,10297881,308936431,3861705
2026-09-09,gw-web,web,small,1716183,2288244,68647329,858091
2026-09-09,ci-billing,billing,large,2645344,3527125,105813778,1322672
2026-09-09,ci-payments,payments,large,3527125,4702834,141085038,1763562
2026-09-09,ci-identity,identity,large,1984008,2645344,79360334,992004
2026-09-09,ci-lending,lending,large,3968016,5290688,158720668,1984008
2026-09-09,ci-mobile,mobile,large,3086235,4114980,123449408,1543117
2026-09-09,ci-data,data,large,2204453,2939271,88178148,1102226
2026-09-09,ci-platform,platform,large,1873785,2498380,74951426,936892
2026-09-09,ci-web,web,large,2755567,3674089,110222686,1377783
2026-09-10,gw-billing,billing,large,8482871,11310495,339314873,4241435
2026-09-10,gw-billing,billing,small,2138236,2850981,85529453,1069118
2026-09-10,gw-payments,payments,large,11063735,14751647,442549412,5531867
2026-09-10,gw-payments,payments,small,2353353,3137804,94134124,1176676
2026-09-10,gw-identity,identity,large,6070228,8093637,242809138,3035114
2026-09-10,gw-identity,identity,small,1275783,1701044,51031347,637891
2026-09-10,gw-lending,lending,large,10899146,14532195,435965860,5449573
2026-09-10,gw-lending,lending,small,2659735,3546313,106389415,1329867
2026-09-10,gw-mobile,mobile,large,8171941,10895921,326877650,4085970
2026-09-10,gw-mobile,mobile,small,1985388,2647185,79415553,992694
2026-09-10,gw-data,data,large,5221799,6962399,208871985,2610899
2026-09-10,gw-data,data,small,1299154,1732206,51966186,649577
2026-09-10,gw-platform,platform,large,5407499,7209999,216299992,2703749
2026-09-10,gw-platform,platform,small,1351149,1801532,54045985,675574
2026-09-10,gw-web,web,large,6822771,9097029,272910873,3411385
2026-09-10,gw-web,web,small,1934709,2579612,77388360,967354
2026-09-10,ci-billing,billing,large,2340867,3121157,93634713,1170433
2026-09-10,ci-payments,payments,large,3121157,4161542,124846284,1560578
2026-09-10,ci-identity,identity,large,1755650,2340867,70226034,877825
2026-09-10,ci-lending,lending,large,3511301,4681735,140452069,1755650
2026-09-10,ci-mobile,mobile,large,2731012,3641349,109240498,1365506
2026-09-10,ci-data,data,large,1950723,2600964,78028927,975361
2026-09-10,ci-platform,platform,large,1658114,2210819,66324588,829057
2026-09-10,ci-web,web,large,2438403,3251205,97536159,1219201
2026-09-11,gw-billing,billing,large,6385405,8513874,255416234,3192702
2026-09-11,gw-billing,billing,small,1547819,2063759,61912774,773909
2026-09-11,gw-payments,payments,large,11810648,15747531,472425948,5905324
2026-09-11,gw-payments,payments,small,2951738,3935651,118069554,1475869
2026-09-11,gw-identity,identity,large,4967279,6623039,198691182,2483639
2026-09-11,gw-identity,identity,small,1483386,1977848,59335465,741693
2026-09-11,gw-lending,lending,large,10800561,14400748,432022449,5400280
2026-09-11,gw-lending,lending,small,2844756,3793009,113790275,1422378
2026-09-11,gw-mobile,mobile,large,7851382,10468510,314055303,3925691
2026-09-11,gw-mobile,mobile,small,2074088,2765450,82963524,1037044
2026-09-11,gw-data,data,large,6693098,8924130,267723922,3346549
2026-09-11,gw-data,data,small,1578378,2104504,63135135,789189
2026-09-11,gw-platform,platform,large,4808226,6410968,192329047,2404113
2026-09-11,gw-platform,platform,small,1403088,1870784,56123544,701544
2026-09-11,gw-web,web,large,7347277,9796370,293891114,3673638
2026-09-11,gw-web,web,small,1707137,2276182,68285486,853568
2026-09-11,ci-billing,billing,large,2279752,3039670,91190101,1139876
2026-09-11,ci-payments,payments,large,3039670,4052893,121586802,1519835
2026-09-11,ci-identity,identity,large,1709814,2279752,68392576,854907
2026-09-11,ci-lending,lending,large,3419628,4559505,136785152,1709814
2026-09-11,ci-mobile,mobile,large,2659711,3546281,106388451,1329855
2026-09-11,ci-data,data,large,1899793,2533058,75991751,949896
2026-09-11,ci-platform,platform,large,1614824,2153099,64592988,807412
2026-09-11,ci-web,web,large,2374742,3166322,94989689,1187371
2026-09-12,gw-billing,billing,large,424310,565747,16972424,212155
2026-09-12,gw-billing,billing,small,103539,138052,4141587,51769
2026-09-12,gw-payments,payments,large,570391,760521,22815658,285195
2026-09-12,gw-payments,payments,small,135584,180778,5423367,67792
2026-09-12,gw-identity,identity,large,295746,394328,11829842,147873
2026-09-12,gw-identity,identity,small,71722,95630,2868918,35861
2026-09-12,gw-lending,lending,large,700999,934666,28039994,350499
2026-09-12,gw-lending,lending,small,169392,225856,6775700,84696
2026-09-12,gw-mobile,mobile,large,550400,733866,22016003,275200
2026-09-12,gw-mobile,mobile,small,154410,205880,6176403,77205
2026-09-12,gw-data,data,large,433187,577582,17327486,216593
2026-09-12,gw-data,data,small,95388,127184,3815545,47694
2026-09-12,gw-platform,platform,large,349407,465876,13976291,174703
2026-09-12,gw-platform,platform,small,86073,114764,3442934,43036
2026-09-12,gw-web,web,large,516632,688843,20665319,258316
2026-09-12,gw-web,web,small,124982,166643,4999306,62491
2026-09-12,ci-billing,billing,large,1224264,1632353,48970597,612132
2026-09-12,ci-payments,payments,large,1632353,2176471,65294130,816176
2026-09-12,ci-identity,identity,large,918198,1224264,36727948,459099
2026-09-12,ci-lending,lending,large,1836397,2448529,73455896,918198
2026-09-12,ci-mobile,mobile,large,1428309,1904412,57132364,714154
2026-09-12,ci-data,data,large,1020220,1360294,40808831,510110
2026-09-12,ci-platform,platform,large,867187,1156250,34687506,433593
2026-09-12,ci-web,web,large,1275275,1700367,51011039,637637
2026-09-13,gw-billing,billing,large,495347,660462,19813884,247673
2026-09-13,gw-billing,billing,small,119255,159007,4770221,59627
2026-09-13,gw-payments,payments,large,606815,809087,24272627,303407
2026-09-13,gw-payments,payments,small,147832,197109,5913289,73916
2026-09-13,gw-identity,identity,large,421311,561748,16852444,210655
2026-09-13,gw-identity,identity,small,107085,142780,4283418,53542
2026-09-13,gw-lending,lending,large,718765,958354,28750629,359382
2026-09-13,gw-lending,lending,small,192631,256842,7705274,96315
2026-09-13,gw-mobile,mobile,large,519786,693048,20791442,259893
2026-09-13,gw-mobile,mobile,small,135082,180110,5403314,67541
2026-09-13,gw-data,data,large,321038,428050,12841520,160519
2026-09-13,gw-data,data,small,78419,104559,3136790,39209
2026-09-13,gw-platform,platform,large,335385,447180,13415426,167692
2026-09-13,gw-platform,platform,small,83480,111306,3339206,41740
2026-09-13,gw-web,web,large,543720,724960,21748805,271860
2026-09-13,gw-web,web,small,141259,188346,5650381,70629
2026-09-13,ci-billing,billing,large,1459068,1945424,58362741,729534
2026-09-13,ci-payments,payments,large,1945424,2593899,77816988,972712
2026-09-13,ci-identity,identity,large,1094301,1459068,43772055,547150
2026-09-13,ci-lending,lending,large,2188602,2918137,87544111,1094301
2026-09-13,ci-mobile,mobile,large,1702246,2269662,68089864,851123
2026-09-13,ci-data,data,large,1215890,1621187,48635617,607945
2026-09-13,ci-platform,platform,large,1033506,1378009,41340275,516753
2026-09-13,ci-web,web,large,1519863,2026484,60794522,759931
2026-09-14,gw-billing,billing,large,6614626,8819501,264585051,3307313
2026-09-14,gw-billing,billing,small,1907786,2543715,76311450,953893
2026-09-14,gw-payments,payments,large,8868253,11824338,354730159,4434126
2026-09-14,gw-payments,payments,small,1873581,2498109,74943272,936790
2026-09-14,gw-identity,identity,large,5278634,7038179,211145391,2639317
2026-09-14,gw-identity,identity,small,1290994,1721325,51639777,645497
2026-09-14,gw-lending,lending,large,9930962,13241283,397238498,4965481
2026-09-14,gw-lending,lending,small,2466308,3288411,98652355,1233154
2026-09-14,gw-mobile,mobile,large,8969877,11959837,358795115,4484938
2026-09-14,gw-mobile,mobile,small,2436210,3248280,97448402,1218105
2026-09-14,gw-data,data,large,6371008,8494678,254840351,3185504
2026-09-14,gw-data,data,small,1668771,2225028,66750841,834385
2026-09-14,gw-platform,platform,large,4974094,6632125,198963761,2487047
2026-09-14,gw-platform,platform,small,1193419,1591225,47736770,596709
2026-09-14,gw-web,web,large,6653882,8871843,266155318,3326941
2026-09-14,gw-web,web,small,1727501,2303335,69100066,863750
2026-09-14,ci-billing,billing,large,2605385,3473847,104215419,1302692
2026-09-14,ci-payments,payments,large,3473847,4631796,138953892,1736923
2026-09-14,ci-identity,identity,large,1954039,2605385,78161564,977019
2026-09-14,ci-lending,lending,large,3908078,5210770,156323129,1954039
2026-09-14,ci-mobile,mobile,large,3039616,4052821,121584656,1519808
2026-09-14,ci-data,data,large,2171154,2894872,86846182,1085577
2026-09-14,ci-platform,platform,large,1845481,2460641,73819255,922740
2026-09-14,ci-web,web,large,2713943,3618590,108557728,1356971
2026-09-15,gw-billing,billing,large,7623875,10165167,304955026,3811937
2026-09-15,gw-billing,billing,small,1878710,2504947,75148439,939355
2026-09-15,gw-payments,payments,large,9174055,12232073,366962205,4587027
2026-09-15,gw-payments,payments,small,2501927,3335903,100077110,1250963
2026-09-15,gw-identity,identity,large,6413226,8550969,256529072,3206613
2026-09-15,gw-identity,identity,small,1431209,1908279,57248398,715604
2026-09-15,gw-lending,lending,large,12018459,16024612,480738380,6009229
2026-09-15,gw-lending,lending,small,3096958,4129278,123878358,1548479
2026-09-15,gw-mobile,mobile,large,8137559,10850078,325502362,4068779
2026-09-15,gw-mobile,mobile,small,2022268,2696358,80890755,1011134
2026-09-15,gw-data,data,large,5440244,7253659,217609799,2720122
2026-09-15,gw-data,data,small,1470593,1960791,58823744,735296
2026-09-15,gw-platform,platform,large,5468435,7291247,218737426,2734217
2026-09-15,gw-platform,platform,small,1513453,2017937,60538139,756726
2026-09-15,gw-web,web,large,6539470,8719293,261578808,3269735
2026-09-15,gw-web,web,small,1567194,2089592,62687771,783597
2026-09-15,ci-billing,billing,large,2468230,3290974,98729221,1234115
2026-09-15,ci-payments,payments,large,3290974,4387965,131638961,1645487
2026-09-15,ci-identity,identity,large,1851172,2468230,74046915,925586
2026-09-15,ci-lending,lending,large,3702345,4936461,148093831,1851172
2026-09-15,ci-mobile,mobile,large,2879602,3839469,115184091,1439801
2026-09-15,ci-data,data,large,2056858,2742478,82274350,1028429
2026-09-15,ci-platform,platform,large,1748329,2331106,69933198,874164
2026-09-15,ci-web,web,large,2571073,3428097,102842938,1285536
2026-09-16,gw-billing,billing,large,5979062,7972083,239162506,2989531
2026-09-16,gw-billing,billing,small,1480452,1973936,59218090,740226
2026-09-16,gw-payments,payments,large,11618394,15491192,464735777,5809197
2026-09-16,gw-payments,payments,small,2537151,3382868,101486049,1268575
2026-09-16,gw-identity,identity,large,5004328,6672438,200173148,2502164
2026-09-16,gw-identity,identity,small,1190880,1587840,47635228,595440
2026-09-16,gw-lending,lending,large,12290542,16387390,491621713,6145271
2026-09-16,gw-lending,lending,small,3355123,4473498,134204956,1677561
2026-09-16,gw-mobile,mobile,large,8711803,11615738,348472148,4355901
2026-09-16,gw-mobile,mobile,small,2299241,3065655,91969664,1149620
2026-09-16,gw-data,data,large,5408503,7211337,216340139,2704251
2026-09-16,gw-data,data,small,1427155,1902874,57086236,713577
2026-09-16,gw-platform,platform,large,4499792,5999723,179991701,2249896
2026-09-16,gw-platform,platform,small,1228271,1637695,49130871,614135
2026-09-16,gw-web,web,large,7553642,10071523,302145695,3776821
2026-09-16,gw-web,web,small,1712848,2283798,68513946,856424
2026-09-16,ci-billing,billing,large,2100527,2800702,84021086,1050263
2026-09-16,ci-payments,payments,large,2800702,3734270,112028115,1400351
2026-09-16,ci-identity,identity,large,1575395,2100527,63015815,787697
2026-09-16,ci-lending,lending,large,3150790,4201054,126031630,1575395
2026-09-16,ci-mobile,mobile,large,2450615,3267486,98024601,1225307
2026-09-16,ci-data,data,large,1750439,2333919,70017572,875219
2026-09-16,ci-platform,platform,large,1487873,1983831,59514936,743936
2026-09-16,ci-web,web,large,2188049,2917398,87521965,1094024
2026-09-17,gw-billing,billing,large,7196052,9594736,287842090,3598026
2026-09-17,gw-billing,billing,small,1776965,2369286,71078609,888482
2026-09-17,gw-payments,payments,large,11023885,14698513,440955406,5511942
2026-09-17,gw-payments,payments,small,2523322,3364429,100932890,1261661
2026-09-17,gw-identity,identity,large,6245217,8326957,249808718,3122608
2026-09-17,gw-identity,identity,small,1539844,2053125,61593778,769922
2026-09-17,gw-lending,lending,large,10106082,13474777,404243318,5053041
2026-09-17,gw-lending,lending,small,2196378,2928504,87855148,1098189
2026-09-17,gw-mobile,mobile,large,8208521,10944695,328340865,4104260
2026-09-17,gw-mobile,mobile,small,1930712,2574283,77228498,965356
2026-09-17,gw-data,data,large,6875583,9167444,275023320,3437791
2026-09-17,gw-data,data,small,1442995,1923994,57719832,721497
2026-09-17,gw-platform,platform,large,5450552,7267403,218022107,2725276
2026-09-17,gw-platform,platform,small,1450123,1933498,58004946,725061
2026-09-17,gw-web,web,large,7424483,9899310,296979323,3712241
2026-09-17,gw-web,web,small,1996274,2661698,79850967,998137
2026-09-17,ci-billing,billing,large,2166471,2888629,86658878,1083235
2026-09-17,ci-payments,payments,large,2888629,3851505,115545171,1444314
2026-09-17,ci-identity,identity,large,1624853,2166471,64994158,812426
2026-09-17,ci-lending,lending,large,3249707,4332943,129988317,1624853
2026-09-17,ci-mobile,mobile,large,2527550,3370067,101102025,1263775
2026-09-17,ci-data,data,large,1805393,2407191,72215732,902696
2026-09-17,ci-platform,platform,large,1534584,2046112,61383372,767292
2026-09-17,ci-web,web,large,2256741,3008988,90269665,1128370
2026-09-18,gw-billing,billing,large,8289446,11052595,331577877,4144723
2026-09-18,gw-billing,billing,small,2101753,2802338,84070153,1050876
2026-09-18,gw-payments,payments,large,9771554,13028739,390862170,4885777
2026-09-18,gw-payments,payments,small,2332185,3109580,93287420,1166092
2026-09-18,gw-identity,identity,large,4583956,6111941,183358259,2291978
2026-09-18,gw-identity,identity,small,1373604,1831472,54944183,686802
2026-09-18,gw-lending,lending,large,9094342,12125790,363773717,4547171
2026-09-18,gw-lending,lending,small,2621856,3495808,104874261,1310928
2026-09-18,gw-mobile,mobile,large,8174422,10899230,326976916,4087211
2026-09-18,gw-mobile,mobile,small,2053361,2737814,82134440,1026680
2026-09-18,gw-data,data,large,6037605,8050140,241504218,3018802
2026-09-18,gw-data,data,small,1320896,1761195,52835860,660448
2026-09-18,gw-platform,platform,large,6252327,8336436,250093102,3126163
2026-09-18,gw-platform,platform,small,1297324,1729765,51892971,648662
2026-09-18,gw-web,web,large,8498285,11331046,339931402,4249142
2026-09-18,gw-web,web,small,1811340,2415120,72453602,905670
2026-09-18,ci-billing,billing,large,2129866,2839822,85194660,1064933
2026-09-18,ci-payments,payments,large,2839822,3786429,113592880,1419911
2026-09-18,ci-identity,identity,large,1597399,2129866,63895995,798699
2026-09-18,ci-lending,lending,large,3194799,4259733,127791990,1597399
2026-09-18,ci-mobile,mobile,large,2484844,3313125,99393770,1242422
2026-09-18,ci-data,data,large,1774888,2366518,70995550,887444
2026-09-18,ci-platform,platform,large,1508655,2011540,60346217,754327
2026-09-18,ci-web,web,large,2218610,2958147,88744438,1109305
2026-09-19,gw-billing,billing,large,535892,714523,21435697,267946
2026-09-19,gw-billing,billing,small,123390,164520,4935610,61695
2026-09-19,gw-payments,payments,large,604184,805579,24167394,302092
2026-09-19,gw-payments,payments,small,137834,183779,5513370,68917
2026-09-19,gw-identity,identity,large,383744,511658,15349768,191872
2026-09-19,gw-identity,identity,small,91261,121682,3650475,45630
2026-09-19,gw-lending,lending,large,640925,854566,25637007,320462
2026-09-19,gw-lending,lending,small,162586,216781,6503448,81293
2026-09-19,gw-mobile,mobile,large,504583,672777,20183328,252291
2026-09-19,gw-mobile,mobile,small,107827,143770,4313100,53913
2026-09-19,gw-data,data,large,381039,508053,15241598,190519
2026-09-19,gw-data,data,small,97187,129583,3887496,48593
2026-09-19,gw-platform,platform,large,325603,434138,13024156,162801
2026-09-19,gw-platform,platform,small,77586,103448,3103458,38793
2026-09-19,gw-web,web,large,582931,777241,23317254,291465
2026-09-19,gw-web,web,small,140692,187590,5627713,70346
2026-09-19,ci-billing,billing,large,1398427,1864570,55937115,699213
2026-09-19,ci-payments,payments,large,1864570,2486094,74582820,932285
2026-09-19,ci-identity,identity,large,1048820,1398427,41952836,524410
2026-09-19,ci-lending,lending,large,2097641,2796855,83905672,1048820
2026-09-19,ci-mobile,mobile,large,1631499,2175332,65259967,815749
2026-09-19,ci-data,data,large,1165356,1553808,46614262,582678
2026-09-19,ci-platform,platform,large,990553,1320737,39622123,495276
2026-09-19,ci-web,web,large,1456695,1942260,58267828,728347
2026-09-20,gw-billing,billing,large,403438,537918,16137544,201719
2026-09-20,gw-billing,billing,small,102822,137097,4112916,51411
2026-09-20,gw-payments,payments,large,618408,824545,24736356,309204
2026-09-20,gw-payments,payments,small,149508,199344,5980333,74754
2026-09-20,gw-identity,identity,large,352491,469988,14099657,176245
2026-09-20,gw-identity,identity,small,90650,120866,3626008,45325
2026-09-20,gw-lending,lending,large,693022,924029,27720898,346511
2026-09-20,gw-lending,lending,small,196073,261431,7842942,98036
2026-09-20,gw-mobile,mobile,large,494463,659284,19778530,247231
2026-09-20,gw-mobile,mobile,small,122279,163039,4891186,61139
2026-09-20,gw-data,data,large,395635,527513,15825416,197817
2026-09-20,gw-data,data,small,105109,140146,4204383,52554
2026-09-20,gw-platform,platform,large,319601,426134,12784045,159800
2026-09-20,gw-platform,platform,small,73280,97707,2931230,36640
2026-09-20,gw-web,web,large,494621,659495,19784854,247310
2026-09-20,gw-web,web,small,131919,175892,5276764,65959
2026-09-20,ci-billing,billing,large,1582711,2110282,63308463,791355
2026-09-20,ci-payments,payments,large,2110282,2813709,84411284,1055141
2026-09-20,ci-identity,identity,large,1187033,1582711,47481347,593516
2026-09-20,ci-lending,lending,large,2374067,3165423,94962694,1187033
2026-09-20,ci-mobile,mobile,large,1846496,2461995,73859873,923248
2026-09-20,ci-data,data,large,1318926,1758568,52757052,659463
2026-09-20,ci-platform,platform,large,1121087,1494783,44843494,560543
2026-09-20,ci-web,web,large,1648657,2198210,65946315,824328
2026-09-21,gw-billing,billing,large,7752524,10336699,310100970,3876262
2026-09-21,gw-billing,billing,small,2120054,2826739,84802186,1060027
2026-09-21,gw-payments,payments,large,8197205,10929607,327888239,4098602
2026-09-21,gw-payments,payments,small,1958967,2611956,78358703,979483
2026-09-21,gw-identity,identity,large,4848947,6465263,193957904,2424473
2026-09-21,gw-identity,identity,small,1051376,1401835,42055064,525688
2026-09-21,gw-lending,lending,large,11068273,14757697,442730931,5534136
2026-09-21,gw-lending,lending,small,2323873,3098498,92954948,1161936
2026-09-21,gw-mobile,mobile,large,7590357,10120476,303614286,3795178
2026-09-21,gw-mobile,mobile,small,1690857,2254476,67634286,845428
2026-09-21,gw-data,data,large,5539306,7385742,221572266,2769653
2026-09-21,gw-data,data,small,1309485,1745980,52379403,654742
2026-09-21,gw-platform,platform,large,4995245,6660327,199809838,2497622
2026-09-21,gw-platform,platform,small,1240547,1654063,49621901,620273
2026-09-21,gw-web,web,large,7032288,9376385,281291550,3516144
2026-09-21,gw-web,web,small,1874809,2499746,74992388,937404
2026-09-21,ci-billing,billing,large,2319105,3092140,92764220,1159552
2026-09-21,ci-payments,payments,large,3092140,4122854,123685627,1546070
2026-09-21,ci-identity,identity,large,1739329,2319105,69573165,869664
2026-09-21,ci-lending,lending,large,3478658,4638211,139146330,1739329
2026-09-21,ci-mobile,mobile,large,2705623,3607497,108224924,1352811
2026-09-21,ci-data,data,large,1932587,2576783,77303517,966293
2026-09-21,ci-platform,platform,large,1642699,2190266,65707989,821349
2026-09-21,ci-web,web,large,2415734,3220979,96629396,1207867
2026-09-22,gw-billing,billing,large,7917677,10556903,316707116,3958838
2026-09-22,gw-billing,billing,small,1874008,2498677,74960325,937004
2026-09-22,gw-payments,payments,large,9666154,12888205,386646176,4833077
2026-09-22,gw-payments,payments,small,2636810,3515747,105472426,1318405
2026-09-22,gw-identity,identity,large,6012235,8016314,240489428,3006117
2026-09-22,gw-identity,identity,small,1556236,2074982,62249466,778118
2026-09-22,gw-lending,lending,large,10256456,13675275,410258270,5128228
2026-09-22,gw-lending,lending,small,2711768,3615691,108470747,1355884
2026-09-22,gw-mobile,mobile,large,7725158,10300211,309006343,3862579
2026-09-22,gw-mobile,mobile,small,2190046,2920061,87601849,1095023
2026-09-22,gw-data,data,large,6605458,8807277,264218336,3302729
2026-09-22,gw-data,data,small,1776329,2368439,71053181,888164
2026-09-22,gw-platform,platform,large,5510541,7347389,220421673,2755270
2026-09-22,gw-platform,platform,small,1302763,1737018,52110552,651381
2026-09-22,gw-web,web,large,8277206,11036274,331088247,4138603
2026-09-22,gw-web,web,small,2218758,2958345,88750352,1109379
2026-09-22,ci-billing,billing,large,2019962,2693283,80798512,1009981
2026-09-22,ci-payments,payments,large,2693283,3591044,107731349,1346641
2026-09-22,ci-identity,identity,large,1514972,2019962,60598884,757486
2026-09-22,ci-lending,lending,large,3029944,4039925,121197768,1514972
2026-09-22,ci-mobile,mobile,large,2356623,3142164,94264930,1178311
2026-09-22,ci-data,data,large,1683302,2244403,67332093,841651
2026-09-22,ci-platform,platform,large,1430806,1907742,57232279,715403
2026-09-22,ci-web,web,large,2104127,2805503,84165116,1052063
2026-09-23,gw-billing,billing,large,6861951,9149268,274478043,3430975
2026-09-23,gw-billing,billing,small,1860719,2480959,74428775,930359
2026-09-23,gw-payments,payments,large,9798944,13065259,391957775,4899472
2026-09-23,gw-payments,payments,small,2601419,3468559,104056772,1300709
2026-09-23,gw-identity,identity,large,4645496,6193995,185819854,2322748
2026-09-23,gw-identity,identity,small,1162708,1550278,46508341,581354
2026-09-23,gw-lending,lending,large,10332432,13776576,413297288,5166216
2026-09-23,gw-lending,lending,small,2875446,3833928,115017866,1437723
2026-09-23,gw-mobile,mobile,large,8753472,11671296,350138889,4376736
2026-09-23,gw-mobile,mobile,small,2168966,2891955,86758674,1084483
2026-09-23,gw-data,data,large,6061838,8082450,242473520,3030919
2026-09-23,gw-data,data,small,1545585,2060780,61823401,772792
2026-09-23,gw-platform,platform,large,5223766,6965022,208950675,2611883
2026-09-23,gw-platform,platform,small,1423820,1898427,56952827,711910
2026-09-23,gw-web,web,large,8523687,11364916,340947485,4261843
2026-09-23,gw-web,web,small,2211688,2948917,88467537,1105844
2026-09-23,ci-billing,billing,large,2633693,3511590,105347726,1316846
2026-09-23,ci-payments,payments,large,3511590,4682121,140463634,1755795
2026-09-23,ci-identity,identity,large,1975269,2633693,79010794,987634
2026-09-23,ci-lending,lending,large,3950539,5267386,158021589,1975269
2026-09-23,ci-mobile,mobile,large,3072642,4096856,122905680,1536321
2026-09-23,ci-data,data,large,2194744,2926325,87789771,1097372
2026-09-23,ci-platform,platform,large,1865532,2487376,74621305,932766
2026-09-23,ci-web,web,large,2743430,3657907,109737214,1371715
2026-09-24,gw-billing,billing,large,6267865,8357153,250714611,3133932
2026-09-24,gw-billing,billing,small,1660796,2214394,66431844,830398
2026-09-24,gw-payments,payments,large,8951704,11935605,358068160,4475852
2026-09-24,gw-payments,payments,small,2539858,3386477,101594336,1269929
2026-09-24,gw-identity,identity,large,5695572,7594096,227822902,2847786
2026-09-24,gw-identity,identity,small,1562202,2082937,62488117,781101
2026-09-24,gw-lending,lending,large,10822720,14430293,432908813,5411360
2026-09-24,gw-lending,lending,small,2614446,3485928,104577863,1307223
2026-09-24,gw-mobile,mobile,large,7457666,9943555,298306662,3728833
2026-09-24,gw-mobile,mobile,small,1917454,2556605,76698166,958727
2026-09-24,gw-data,data,large,6188251,8251001,247530050,3094125
2026-09-24,gw-data,data,small,1628264,2171018,65130569,814132
2026-09-24,gw-platform,platform,large,4560299,6080398,182411968,2280149
2026-09-24,gw-platform,platform,small,1070038,1426718,42801543,535019
2026-09-24,gw-web,web,large,6612194,8816259,264487788,3306097
2026-09-24,gw-web,web,small,1539763,2053018,61590550,769881
2026-09-24,ci-billing,billing,large,2329552,3106069,93182087,1164776
2026-09-24,ci-payments,payments,large,3106069,4141426,124242783,1553034
2026-09-24,ci-identity,identity,large,1747164,2329552,69886565,873582
2026-09-24,ci-lending,lending,large,3494328,4659104,139773131,1747164
2026-09-24,ci-mobile,mobile,large,2717810,3623747,108712435,1358905
2026-09-24,ci-data,data,large,1941293,2588391,77651739,970646
2026-09-24,ci-platform,platform,large,1650099,2200132,66003978,825049
2026-09-24,ci-web,web,large,2426616,3235489,97064674,1213308
2026-09-25,gw-billing,billing,large,6823065,9097421,272922636,3411532
2026-09-25,gw-billing,billing,small,1586214,2114952,63448563,793107
2026-09-25,gw-payments,payments,large,10308852,13745136,412354106,5154426
2026-09-25,gw-payments,payments,small,2367351,3156468,94694061,1183675
2026-09-25,gw-identity,identity,large,5308495,7077993,212339810,2654247
2026-09-25,gw-identity,identity,small,1398491,1864655,55939662,699245
2026-09-25,gw-lending,lending,large,11089753,14786337,443590127,5544876
2026-09-25,gw-lending,lending,small,2823113,3764151,112924534,1411556
2026-09-25,gw-mobile,mobile,large,9068479,12091306,362739185,4534239
2026-09-25,gw-mobile,mobile,small,2324027,3098703,92961111,1162013
2026-09-25,gw-data,data,large,6578045,8770727,263121817,3289022
2026-09-25,gw-data,data,small,1552820,2070426,62112805,776410
2026-09-25,gw-platform,platform,large,5898849,7865132,235953981,2949424
2026-09-25,gw-platform,platform,small,1392030,1856040,55681229,696015
2026-09-25,gw-web,web,large,5990495,7987327,239619829,2995247
2026-09-25,gw-web,web,small,1550646,2067528,62025855,775323
2026-09-25,ci-billing,billing,large,2254582,3006109,90183286,1127291
2026-09-25,ci-payments,payments,large,3006109,4008146,120244381,1503054
2026-09-25,ci-identity,identity,large,1690936,2254582,67637464,845468
2026-09-25,ci-lending,lending,large,3381873,4509164,135274929,1690936
2026-09-25,ci-mobile,mobile,large,2630345,3507127,105213834,1315172
2026-09-25,ci-data,data,large,1878818,2505091,75152738,939409
2026-09-25,ci-platform,platform,large,1596995,2129327,63879827,798497
2026-09-25,ci-web,web,large,2348523,3131364,93940923,1174261
2026-09-26,gw-billing,billing,large,389593,519457,15583723,194796
2026-09-26,gw-billing,billing,small,96043,128058,3841757,48021
2026-09-26,gw-payments,payments,large,519345,692461,20773833,259672
2026-09-26,gw-payments,payments,small,148820,198427,5952823,74410
2026-09-26,gw-identity,identity,large,354848,473130,14193924,177424
2026-09-26,gw-identity,identity,small,78057,104076,3122302,39028
2026-09-26,gw-lending,lending,large,548030,730707,21921231,274015
2026-09-26,gw-lending,lending,small,141905,189207,5676223,70952
2026-09-26,gw-mobile,mobile,large,587622,783496,23504901,293811
2026-09-26,gw-mobile,mobile,small,154376,205834,6175047,77188
2026-09-26,gw-data,data,large,381884,509178,15275362,190942
2026-09-26,gw-data,data,small,98033,130711,3921331,49016
2026-09-26,gw-platform,platform,large,296368,395158,11854740,148184
2026-09-26,gw-platform,platform,small,70190,93586,2807602,35095
2026-09-26,gw-web,web,large,493362,657816,19734480,246681
2026-09-26,gw-web,web,small,134949,179933,5397994,67474
2026-09-26,ci-billing,billing,large,1371065,1828087,54842613,685532
2026-09-26,ci-payments,payments,large,1828087,2437449,73123484,914043
2026-09-26,ci-identity,identity,large,1028299,1371065,41131960,514149
2026-09-26,ci-lending,lending,large,2056598,2742130,82263920,1028299
2026-09-26,ci-mobile,mobile,large,1599576,2132768,63983049,799788
2026-09-26,ci-data,data,large,1142554,1523405,45702178,571277
2026-09-26,ci-platform,platform,large,971171,1294895,38846851,485585
2026-09-26,ci-web,web,large,1428193,1904257,57127722,714096
2026-09-27,gw-billing,billing,large,563096,750794,22523849,281548
2026-09-27,gw-billing,billing,small,119577,159436,4783089,59788
2026-09-27,gw-payments,payments,large,593235,790980,23729423,296617
2026-09-27,gw-payments,payments,small,159318,212424,6372744,79659
2026-09-27,gw-identity,identity,large,409861,546482,16394462,204930
2026-09-27,gw-identity,identity,small,94565,126087,3782623,47282
2026-09-27,gw-lending,lending,large,646023,861365,25840952,323011
2026-09-27,gw-lending,lending,small,146134,194846,5845387,73067
2026-09-27,gw-mobile,mobile,large,481646,642194,19265849,240823
2026-09-27,gw-mobile,mobile,small,125954,167938,5038169,62977
2026-09-27,gw-data,data,large,455420,607227,18216822,227710
2026-09-27,gw-data,data,small,102614,136818,4104565,51307
2026-09-27,gw-platform,platform,large,317378,423171,12695149,158689
2026-09-27,gw-platform,platform,small,81360,108480,3254416,40680
2026-09-27,gw-web,web,large,547062,729417,21882511,273531
2026-09-27,gw-web,web,small,126592,168789,5063691,63296
2026-09-27,ci-billing,billing,large,1286044,1714725,51441763,643022
2026-09-27,ci-payments,payments,large,1714725,2286300,68589018,857362
2026-09-27,ci-identity,identity,large,964533,1286044,38581322,482266
2026-09-27,ci-lending,lending,large,1929066,2572088,77162645,964533
2026-09-27,ci-mobile,mobile,large,1500384,2000513,60015390,750192
2026-09-27,ci-data,data,large,1071703,1428937,42868136,535851
2026-09-27,ci-platform,platform,large,910947,1214597,36437915,455473
2026-09-27,ci-web,web,large,1339629,1786172,53585170,669814
2026-09-28,gw-billing,billing,large,6653020,8870693,266120810,3326510
2026-09-28,gw-billing,billing,small,1514332,2019109,60573292,757166
2026-09-28,gw-payments,payments,large,8534598,11379464,341383930,4267299
2026-09-28,gw-payments,payments,small,1957693,2610257,78307725,978846
2026-09-28,gw-identity,identity,large,4983646,6644862,199345872,2491823
2026-09-28,gw-identity,identity,small,1094431,1459242,43777260,547215
2026-09-28,gw-lending,lending,large,11912996,15883995,476519869,5956498
2026-09-28,gw-lending,lending,small,2680741,3574321,107229655,1340370
2026-09-28,gw-mobile,mobile,large,8782485,11709981,351299435,4391242
2026-09-28,gw-mobile,mobile,small,2121621,2828828,84864860,1060810
2026-09-28,gw-data,data,large,5687762,7583683,227510502,2843881
2026-09-28,gw-data,data,small,1337606,1783474,53504241,668803
2026-09-28,gw-platform,platform,large,4323137,5764183,172925496,2161568
2026-09-28,gw-platform,platform,small,1302173,1736231,52086939,651086
2026-09-28,gw-web,web,large,9167855,12223807,366714220,4583927
2026-09-28,gw-web,web,small,2041939,2722586,81677582,1020969
2026-09-28,ci-billing,billing,large,2300321,3067095,92012864,1150160
2026-09-28,ci-payments,payments,large,3067095,4089460,122683819,1533547
2026-09-28,ci-identity,identity,large,1725241,2300321,69009648,862620
2026-09-28,ci-lending,lending,large,3450482,4600643,138019296,1725241
2026-09-28,ci-mobile,mobile,large,2683708,3578278,107348341,1341854
2026-09-28,ci-data,data,large,1916934,2555912,76677386,958467
2026-09-28,ci-platform,platform,large,1629394,2172525,65175778,814697
2026-09-28,ci-web,web,large,2396168,3194891,95846733,1198084
2026-09-29,gw-billing,billing,large,6056914,8075885,242276573,3028457
2026-09-29,gw-billing,billing,small,1773923,2365231,70956953,886961
2026-09-29,gw-payments,payments,large,10155706,13540941,406228258,5077853
2026-09-29,gw-payments,payments,small,2238193,2984258,89527751,1119096
2026-09-29,gw-identity,identity,large,6241577,8322102,249663085,3120788
2026-09-29,gw-identity,identity,small,1587283,2116378,63491348,793641
2026-09-29,gw-lending,lending,large,11353268,15137691,454130740,5676634
2026-09-29,gw-lending,lending,small,2804238,3738984,112169538,1402119
2026-09-29,gw-mobile,mobile,large,7568403,10091204,302736145,3784201
2026-09-29,gw-mobile,mobile,small,1916082,2554777,76643319,958041
2026-09-29,gw-data,data,large,6236310,8315080,249452422,3118155
2026-09-29,gw-data,data,small,1608363,2144484,64334531,804181
2026-09-29,gw-platform,platform,large,5894615,7859487,235784627,2947307
2026-09-29,gw-platform,platform,small,1324580,1766107,52983225,662290
2026-09-29,gw-web,web,large,7632346,10176462,305293877,3816173
2026-09-29,gw-web,web,small,1932743,2576991,77309736,966371
2026-09-29,ci-billing,billing,large,1980799,2641066,79231981,990399
2026-09-29,ci-payments,payments,large,2641066,3521421,105642641,1320533
2026-09-29,ci-identity,identity,large,1485599,1980799,59423985,742799
2026-09-29,ci-lending,lending,large,2971199,3961599,118847971,1485599
2026-09-29,ci-mobile,mobile,large,2310932,3081243,92437311,1155466
2026-09-29,ci-data,data,large,1650666,2200888,66026650,825333
2026-09-29,ci-platform,platform,large,1403066,1870755,56122653,701533
2026-09-29,ci-web,web,large,2063332,2751110,82533313,1031666
2026-09-30,gw-billing,billing,large,8113964,10818619,324558587,4056982
2026-09-30,gw-billing,billing,small,2047557,2730076,81902297,1023778
2026-09-30,gw-payments,payments,large,10050388,13400518,402015543,5025194
2026-09-30,gw-payments,payments,small,2551536,3402049,102061477,1275768
2026-09-30,gw-identity,identity,large,5017878,6690504,200715141,2508939
2026-09-30,gw-identity,identity,small,1334059,1778745,53362379,667029
2026-09-30,gw-lending,lending,large,12511919,16682558,500476766,6255959
2026-09-30,gw-lending,lending,small,2750860,3667814,110034424,1375430
2026-09-30,gw-mobile,mobile,large,7481534,9975378,299261366,3740767
2026-09-30,gw-mobile,mobile,small,1836776,2449035,73471062,918388
2026-09-30,gw-data,data,large,6330636,8440848,253225453,3165318
2026-09-30,gw-data,data,small,1814602,2419470,72584103,907301
2026-09-30,gw-platform,platform,large,5302970,7070626,212118808,2651485
2026-09-30,gw-platform,platform,small,1295457,1727276,51818303,647728
2026-09-30,gw-web,web,large,8510907,11347876,340436281,4255453
2026-09-30,gw-web,web,small,1842554,2456738,73702168,921277
2026-09-30,ci-billing,billing,large,1991663,2655551,79666555,995831
2026-09-30,ci-payments,payments,large,2655551,3540735,106222074,1327775
2026-09-30,ci-identity,identity,large,1493747,1991663,59749916,746873
2026-09-30,ci-lending,lending,large,2987495,3983327,119499833,1493747
2026-09-30,ci-mobile,mobile,large,2323607,3098143,92944315,1161803
2026-09-30,ci-data,data,large,1659719,2212959,66388796,829859
2026-09-30,ci-platform,platform,large,1410761,1881015,56430477,705380
2026-09-30,ci-web,web,large,2074649,2766199,82985995,1037324
