team,quarter,median_cycle_hours,tickets,ai_pilot
Atlas,2025-Q4,19.3,30,no
Atlas,2026-Q1,24.0,33,no
Atlas,2026-Q2,17.2,36,no
Atlas,2026-Q3,25.0,39,no
Billing,2025-Q4,28.2,37,no
Billing,2026-Q1,35.2,40,no
Billing,2026-Q2,32.9,43,no
Billing,2026-Q3,39.4,46,no
Catalog,2025-Q4,24.1,44,no
Catalog,2026-Q1,22.2,47,no
Catalog,2026-Q2,27.7,31,no
Catalog,2026-Q3,23.0,34,no
Checkout,2025-Q4,24.9,32,no
Checkout,2026-Q1,17.1,35,no
Checkout,2026-Q2,20.7,38,no
Checkout,2026-Q3,24.4,41,no
Data,2025-Q4,25.4,39,no
Data,2026-Q1,31.5,42,no
Data,2026-Q2,29.1,45,no
Data,2026-Q3,29.6,48,no
Edge,2025-Q4,33.2,46,no
Edge,2026-Q1,31.3,30,no
Edge,2026-Q2,23.7,33,no
Edge,2026-Q3,24.3,36,no
Forms,2025-Q4,21.9,34,no
Forms,2026-Q1,22.0,37,no
Forms,2026-Q2,45.2,40,no
Forms,2026-Q3,23.3,43,yes
Growth,2025-Q4,22.7,41,no
Growth,2026-Q1,27.2,44,no
Growth,2026-Q2,21.4,47,no
Growth,2026-Q3,25.5,31,no
Identity,2025-Q4,33.0,48,no
Identity,2026-Q1,29.3,32,no
Identity,2026-Q2,29.2,35,no
Identity,2026-Q3,24.7,38,no
Ledger,2025-Q4,22.0,36,no
Ledger,2026-Q1,14.9,39,no
Ledger,2026-Q2,12.1,42,no
Ledger,2026-Q3,21.3,45,no
Mobile,2025-Q4,26.6,43,no
Mobile,2026-Q1,21.4,46,no
Mobile,2026-Q2,19.0,30,no
Mobile,2026-Q3,19.1,33,no
Search,2025-Q4,23.5,31,no
Search,2026-Q1,25.7,34,no
Search,2026-Q2,35.5,37,no
Search,2026-Q3,36.0,40,no
